{
  "name": "Philosopher",
  "designer": "Jovanny Lemonad",
  "license": "OFL",
  "visibility": "External",
  "category": "Sans Serif",
  "size": 110458,
  "fonts": [
    {
      "name": "Philosopher",
      "style": "normal",
      "weight": 400,
      "filename": "Philosopher-Regular.ttf",
      "postScriptName": "Philosopher",
      "fullName": "Philosopher",
      "copyright": "Copyright (c) 2011 by Jovanny Lemonad (lemonad@jovanny.ru). All rights reserved."
    },
    {
      "name": "Philosopher",
      "style": "italic",
      "weight": 400,
      "filename": "Philosopher-Italic.ttf",
      "postScriptName": "Philosopher-Italic",
      "fullName": "Philosopher Italic",
      "copyright": "Copyright (c) 2011 by Jovanny Lemonad (lemonad@jovanny.ru). All rights reserved."
    },
    {
      "name": "Philosopher",
      "style": "normal",
      "weight": 700,
      "filename": "Philosopher-Bold.ttf",
      "postScriptName": "Philosopher-Bold",
      "fullName": "Philosopher Bold",
      "copyright": "Copyright (c) 2011 by Jovanny Lemonad (lemonad@jovanny.ru). All rights reserved."
    },
    {
      "name": "Philosopher",
      "style": "italic",
      "weight": 700,
      "filename": "Philosopher-BoldItalic.ttf",
      "postScriptName": "Philosopher-BoldItalic",
      "fullName": "Philosopher Bold Italic",
      "copyright": "Copyright (c) 2011 by Jovanny Lemonad (lemonad@jovanny.ru). All rights reserved."
    }
  ],
  "subsets": [
    "cyrillic",
    "latin",
    "menu"
  ],
  "dateAdded": "2011-08-31"
}
